{
	"eggman-blue-brn-04-png":  { "File": "boss6.png", "Rect": "0,4,34,28", "Center": "17,20" },
	"eggman-blue-brn-05-png":  { "File": "boss6.png", "Rect": "34,5,33,27", "Center": "15,19" },
	"eggman-blue-brn-06-png":  { "File": "boss6.png", "Rect": "0,36,34,28", "Center": "17,20" },
	"eggman-blue-brn-07-png":  { "File": "boss6.png", "Rect": "34,37,33,27", "Center": "15,19" },
	"eggman-blue-brn-02-png":  { "File": "boss6.png", "Rect": "0,68,34,28", "Center": "17,20" },
	"eggman-blue-brn-03-png":  { "File": "boss6.png", "Rect": "34,69,37,27", "Center": "15,19" }
}