{
	"eggman-blue-00-png":  { "File": "boss.png", "Rect": "0,10,34,22", "Center": "17,14" },
	"eggman-blue-01-png":  { "File": "boss.png", "Rect": "33,10,33,22", "Center": "16,14" },
	"eggman-blue-02-png":  { "File": "boss.png", "Rect": "67,6,34,26", "Center": "17,18" },
	"eggman-blue-03-png":  { "File": "boss.png", "Rect": "101,5,34,27", "Center": "17,19" },
	"eggman-fbz-blue-00-png":  { "File": "boss.png", "Rect": "3,41,32,23", "Center": "16,15" },
	"eggman-fbz-blue-01-png":  { "File": "boss.png", "Rect": "35,42,32,22", "Center": "16,14" },
	"eggman-fbz-blue-02-png":  { "File": "boss.png", "Rect": "67,40,32,24", "Center": "16,16" },
	"eggman-fbz-blue-03-png":  { "File": "boss.png", "Rect": "97,37,32,27", "Center": "16,19" },
	"eggman-lrz-blue-0f-png":  { "File": "boss.png", "Rect": "12,78,26,18", "Center": "16,10" },
	"eggman-lrz-blue-10-png":  { "File": "boss.png", "Rect": "44,78,26,18", "Center": "16,10" },
	"eggman-lrz-blue-11-png":  { "File": "boss.png", "Rect": "76,78,26,18", "Center": "16,10" },
	"eggman-fbz-mini-blue-00-png":  { "File": "boss.png", "Rect": "2,104,32,56", "Center": "14,28" },
	"eggman-fbz-mini-blue-01-png":  { "File": "boss.png", "Rect": "34,104,32,56", "Center": "14,28" },
	"eggman-fbz-mini-blue-02-png":  { "File": "boss.png", "Rect": "66,104,32,56", "Center": "14,28" },
	"eggman-fbz-mini-blue-03-png":  { "File": "boss.png", "Rect": "98,104,32,56", "Center": "14,28" },
	"eggman-modded-00":  { "File": "egg origins.png", "Rect": "0,0,49,64", "Center": "25,40" },
	"eggman-modded-01":  { "File": "egg origins.png", "Rect": "50,0,47,56", "Center": "21,35" },
	"eggman-modded-02":  { "File": "egg origins.png", "Rect": "98,0,49,64", "Center": "22,40" },
	"eggman-modded-03":  { "File": "egg origins.png", "Rect": "148,0,47,56", "Center": "24,35" },
}