{
	"eggman-laugh-blue-00-png":  { "File": "boss3.png", "Rect": "0,10,33,22", "Center": "17,14" },
	"eggman-laugh-blue-01-png":  { "File": "boss3.png", "Rect": "33,9,32,23", "Center": "16,15" },
	"eggman-laugh-blue-02-png":  { "File": "boss3b.png", "Rect": "0,10,33,22", "Center": "17,14" },
	"eggman-laugh-blue-03-png":  { "File": "boss3b.png", "Rect": "33,9,32,23", "Center": "16,15" },
	"eggman-laugh-lrz-blue-00-png":  { "File": "boss3.png", "Rect": "6,32,26,16", "Center": "16,8" },
	"eggman-laugh-lrz-blue-01-png":  { "File": "boss3.png", "Rect": "38,32,26,16", "Center": "16,8" },
	"eggman-laugh-lrz-blue-02-png":  { "File": "boss3b.png", "Rect": "6,32,26,16", "Center": "16,8" },
	"eggman-laugh-lrz-blue-03-png":  { "File": "boss3b.png", "Rect": "38,32,26,16", "Center": "16,8" },
	"eggman-laugh-fbz-blue-00-png":  { "File": "boss3.png", "Rect": "0,58,32,22", "Center": "16,14" },
	"eggman-laugh-fbz-blue-01-png":  { "File": "boss3.png", "Rect": "32,57,32,23", "Center": "16,15" },
	"eggman-laugh-fbz-blue-02-png":  { "File": "boss3b.png", "Rect": "0,58,32,22", "Center": "16,14" },
	"eggman-laugh-fbz-blue-03-png":  { "File": "boss3b.png", "Rect": "32,57,32,23", "Center": "16,15" },
	"eggman-laugh-fbz-mini-blue-00-png":  { "File": "boss3.png", "Rect": "0,85,32,43", "Center": "15,15" },
	"eggman-laugh-fbz-mini-blue-01-png":  { "File": "boss3.png", "Rect": "32,84,32,44", "Center": "15,16" },
	"eggman-laugh-fbz-mini-blue-02-png":  { "File": "boss3b.png", "Rect": "0,85,32,43", "Center": "15,15" },
	"eggman-laugh-fbz-mini-blue-03-png":  { "File": "boss3b.png", "Rect": "32,84,32,44", "Center": "15,16" }
}