{
	"eggman-delete-d8-png":  { "File": "savedata.png", "Rect": "0,0,50,72", "Center": "28,72" },
	"eggman-delete-d9-png":  { "File": "savedata.png", "Rect": "50,0,49,72", "Center": "27,72" },
	"eggman-delete-da-png":  { "File": "savedata.png", "Rect": "99,0,48,72", "Center": "26,72" },
	"eggman-delete-db-png":  { "File": "savedata.png", "Rect": "51,0,48,72", "Center": "26,72" },
	"eggman-delete-dc-png":  { "File": "savedata.png", "Rect": "147,0,49,72", "Center": "27,72" },
	"eggman-delete-e8-png":  { "File": "savedata.png", "Rect": "0,72,50,72", "Center": "28,72" },
	"eggman-delete-e9-png":  { "File": "savedata.png", "Rect": "50,72,49,72", "Center": "27,72" },
	"eggman-delete-ea-png":  { "File": "savedata.png", "Rect": "99,72,48,72", "Center": "26,72" },
	"eggman-delete-eb-png":  { "File": "savedata.png", "Rect": "51,72,48,72", "Center": "26,72" },
	"eggman-delete-ec-png":  { "File": "savedata.png", "Rect": "147,72,49,72", "Center": "27,72" }
}